{
    "LogisticRegression": {
        "Accuracy": 0.7486033519553073,
        "Precision": 0.76829970166197,
        "Recall": 0.7486033519553073,
        "F1": 0.7251888626055106,
        "ROC_AUC": 0.8647604817029251
    },
    "RandomForest": {
        "Accuracy": 0.8327600276191074,
        "Precision": 0.8392372043460543,
        "Recall": 0.8327600276191074,
        "F1": 0.8269572039869025,
        "ROC_AUC": 0.8786441439904097
    },
    "NeuralNetwork": {
        "Accuracy": 0.6026426464126546,
        "Precision": 0.6438940344958848,
        "Recall": 0.6026426464126546,
        "F1": 0.6052021240011004,
        "ROC_AUC": 0.6586385926891335
    },
    "XGBoost": {
        "Accuracy": 0.8013056305316677,
        "Precision": 0.8007968913271213,
        "Recall": 0.8013056305316677,
        "F1": 0.800386233596306,
        "ROC_AUC": 0.8641455937634872
    }
}