{
    "LogisticRegression": {
        "accuracy": 0.8075839653304442,
        "precision": 0.8057516339869281,
        "recall": 0.6591919191919191,
        "f1": 0.7234927671505966,
        "roc_auc": 0.8626006538741648
    },
    "RandomForest": {
        "accuracy": 0.799172658327588,
        "precision": 0.740072375466194,
        "recall": 0.7362289562289563,
        "f1": 0.7377249697170996,
        "roc_auc": 0.8659885426891696
    },
    "GradientBoosting": {
        "accuracy": 0.8300600807643062,
        "precision": 0.812449714536671,
        "recall": 0.7287542087542087,
        "f1": 0.7674179154179154,
        "roc_auc": 0.8895345038683597
    },
    "SVM": {
        "accuracy": 0.8286811779769525,
        "precision": 0.8091850662384585,
        "recall": 0.7252525252525253,
        "f1": 0.7635502912578228,
        "roc_auc": 0.8644921128737743
    }
}